Season,Team,Basic,1B,2B,3B,HR,SO,BB,GB,FB,LD,IFFB,FIP
1980,Angels,98,102,98,80,99,101,99,,,,,99
1980,Orioles,97,97,97,79,98,101,97,,,,,98
1980,Red Sox,106,101,115,104,106,100,102,,,,,102
1980,White Sox,100,100,97,114,92,98,101,,,,,99
1980,Indians,100,101,97,91,101,97,98,,,,,100
1980,Tigers,102,99,96,101,114,100,103,,,,,105
1980,Royals,101,100,109,126,89,94,98,,,,,98
1980,Twins,103,102,98,118,101,102,101,,,,,100
1980,Yankees,97,100,96,111,98,100,97,,,,,99
1980,Athletics,95,99,91,88,95,101,100,,,,,99
1980,Mariners,104,98,101,91,124,104,106,,,,,107
1980,Rangers,97,102,97,83,93,103,96,,,,,97
1980,Blue Jays,104,100,111,118,101,98,103,,,,,102
1980,Braves,106,101,97,84,130,98,100,,,,,108
1980,Cubs,108,103,107,99,111,99,101,,,,,104
1980,Reds,101,97,107,101,105,98,99,,,,,101
1980,Astros,94,98,96,115,80,101,101,,,,,96
1980,Dodgers,97,102,90,75,104,99,96,,,,,100
1980,Brewers,98,101,97,99,94,100,96,,,,,97
1980,Expos,100,99,103,110,92,101,105,,,,,99
1980,Mets,99,101,98,87,101,104,99,,,,,99
1980,Phillies,102,98,103,110,106,102,104,,,,,102
1980,Pirates,104,101,102,104,107,98,100,,,,,102
1980,Cardinals,101,101,105,122,91,97,98,,,,,98
1980,Padres,94,100,97,96,88,98,96,,,,,97
1980,Giants,95,99,95,93,88,104,100,,,,,95
1981,Angels,98,101,98,77,100,99,100,,,,,101
1981,Orioles,98,98,96,83,100,101,98,,,,,99
1981,Red Sox,105,101,116,102,103,102,102,,,,,101
1981,White Sox,100,99,97,114,94,100,102,,,,,99
1981,Indians,102,101,99,87,107,96,99,,,,,102
1981,Tigers,100,98,93,100,111,101,102,,,,,103
1981,Royals,101,101,106,124,90,94,100,,,,,98
1981,Twins,103,102,98,118,101,102,101,,,,,100
1981,Yankees,97,100,97,109,95,100,97,,,,,98
1981,Athletics,95,100,90,87,93,100,100,,,,,98
1981,Mariners,103,98,102,92,123,104,105,,,,,107
1981,Rangers,97,103,99,88,91,102,97,,,,,97
1981,Blue Jays,106,100,111,123,105,99,103,,,,,103
1981,Braves,105,102,97,86,121,98,99,,,,,106
1981,Cubs,106,101,106,98,109,99,102,,,,,103
1981,Reds,101,97,108,103,103,98,101,,,,,101
1981,Astros,93,98,97,117,77,101,102,,,,,95
1981,Dodgers,97,103,88,76,103,99,95,,,,,99
1981,Brewers,95,99,95,101,92,100,96,,,,,96
1981,Expos,101,99,106,104,93,101,106,,,,,99
1981,Mets,98,101,96,85,103,104,98,,,,,100
1981,Phillies,101,97,104,114,103,103,104,,,,,101
1981,Pirates,104,101,102,100,107,99,98,,,,,101
1981,Cardinals,102,100,104,128,95,96,99,,,,,99
1981,Padres,96,100,95,98,94,99,97,,,,,98
1981,Giants,97,101,95,89,92,103,100,,,,,97
1982,Angels,99,101,97,78,105,98,99,,,,,102
1982,Orioles,98,98,94,83,102,102,100,,,,,100
1982,Red Sox,105,102,116,105,103,102,101,,,,,101
1982,White Sox,101,99,98,114,97,99,102,,,,,100
1982,Indians,102,103,99,87,104,96,100,,,,,101
1982,Tigers,99,98,93,100,109,101,101,,,,,102
1982,Royals,100,100,105,121,89,94,99,,,,,98
1982,Twins,105,101,111,118,103,104,100,,,,,100
1982,Yankees,97,101,94,112,94,100,97,,,,,97
1982,Athletics,95,100,90,84,95,99,100,,,,,99
1982,Mariners,103,99,102,90,120,103,103,,,,,105
1982,Rangers,98,102,102,87,91,102,98,,,,,97
1982,Blue Jays,105,98,111,129,106,101,102,,,,,102
1982,Braves,104,101,98,86,118,97,98,,,,,105
1982,Cubs,105,100,103,99,113,100,102,,,,,104
1982,Reds,103,98,108,104,104,99,103,,,,,102
1982,Astros,94,99,97,123,76,101,101,,,,,94
1982,Dodgers,98,104,90,78,100,99,94,,,,,98
1982,Brewers,94,98,94,98,91,101,96,,,,,96
1982,Expos,99,98,103,99,94,101,108,,,,,100
1982,Mets,99,102,98,85,104,104,99,,,,,100
1982,Phillies,102,98,104,113,103,103,102,,,,,100
1982,Pirates,101,101,102,103,103,98,98,,,,,101
1982,Cardinals,101,99,105,127,93,96,97,,,,,98
1982,Padres,96,100,95,93,98,100,98,,,,,99
1982,Giants,98,101,96,88,94,102,100,,,,,98
1983,Angels,100,100,97,78,106,97,99,,,,,103
1983,Orioles,98,98,95,78,101,102,102,,,,,100
1983,Red Sox,105,103,115,108,102,102,100,,,,,99
1983,White Sox,102,99,98,115,100,100,103,,,,,101
1983,Indians,101,103,99,87,100,96,98,,,,,100
1983,Tigers,99,98,92,99,109,100,101,,,,,103
1983,Royals,100,100,104,123,89,95,99,,,,,98
1983,Twins,105,101,111,118,103,104,100,,,,,100
1983,Yankees,96,100,94,107,94,100,98,,,,,98
1983,Athletics,95,100,92,84,95,99,101,,,,,99
1983,Mariners,101,99,101,91,112,102,102,,,,,104
1983,Rangers,99,102,101,88,95,102,98,,,,,98
1983,Blue Jays,104,98,111,128,106,101,102,,,,,102
1983,Braves,106,103,102,91,116,97,99,,,,,105
1983,Cubs,107,100,102,105,120,101,104,,,,,106
1983,Reds,104,101,110,107,99,98,103,,,,,101
1983,Astros,94,99,98,116,78,101,101,,,,,94
1983,Dodgers,97,104,90,79,96,100,95,,,,,97
1983,Brewers,96,99,97,103,92,100,97,,,,,96
1983,Expos,98,97,103,97,93,100,108,,,,,100
1983,Mets,99,101,97,85,101,103,97,,,,,98
1983,Phillies,101,98,104,110,102,102,102,,,,,100
1983,Pirates,102,100,102,103,103,99,98,,,,,100
1983,Cardinals,99,99,103,125,92,96,96,,,,,98
1983,Padres,97,99,94,94,105,101,98,,,,,100
1983,Giants,98,100,96,85,98,102,100,,,,,99
1984,Angels,99,99,95,79,107,98,99,,,,,102
1984,Orioles,98,99,94,78,102,102,101,,,,,101
1984,Red Sox,104,103,113,107,98,102,99,,,,,98
1984,White Sox,102,99,99,121,98,100,103,,,,,100
1984,Indians,101,103,99,89,101,97,99,,,,,101
1984,Tigers,98,98,91,95,105,100,100,,,,,102
1984,Royals,100,100,105,119,90,95,100,,,,,98
1984,Twins,105,101,111,118,103,104,100,,,,,100
1984,Yankees,97,100,95,104,96,100,99,,,,,98
1984,Athletics,95,100,91,83,93,99,103,,,,,99
1984,Mariners,102,100,103,96,112,102,102,,,,,104
1984,Rangers,99,102,100,91,96,102,97,,,,,98
1984,Blue Jays,104,98,109,122,104,102,101,,,,,101
1984,Braves,106,103,103,91,114,97,99,,,,,105
1984,Cubs,107,101,102,102,118,102,105,,,,,106
1984,Reds,104,101,110,108,101,98,103,,,,,102
1984,Astros,96,100,98,115,81,100,100,,,,,95
1984,Dodgers,96,104,89,79,93,99,95,,,,,97
1984,Brewers,97,98,98,104,94,99,97,,,,,98
1984,Expos,98,97,102,101,93,100,107,,,,,100
1984,Mets,98,99,96,86,100,102,97,,,,,98
1984,Phillies,100,98,105,110,100,102,101,,,,,99
1984,Pirates,102,100,104,105,102,100,99,,,,,101
1984,Cardinals,99,99,103,121,92,95,97,,,,,98
1984,Padres,97,99,93,95,109,103,98,,,,,101
1984,Giants,97,99,96,85,99,101,100,,,,,99
1985,Angels,99,99,93,81,106,98,100,,,,,102
1985,Orioles,98,99,96,77,102,101,101,,,,,101
1985,Red Sox,102,103,112,105,96,101,98,,,,,98
1985,White Sox,104,100,101,121,99,100,105,,,,,100
1985,Indians,102,104,99,90,102,97,100,,,,,101
1985,Tigers,97,97,91,92,104,100,98,,,,,101
1985,Royals,101,100,107,125,90,95,100,,,,,99
1985,Twins,103,101,110,119,101,104,100,,,,,100
1985,Yankees,97,100,95,98,97,100,99,,,,,99
1985,Athletics,94,99,91,83,92,99,103,,,,,99
1985,Mariners,101,99,101,98,113,102,101,,,,,104
1985,Rangers,102,103,100,97,99,102,98,,,,,99
1985,Blue Jays,102,97,107,119,103,101,100,,,,,100
1985,Braves,106,104,104,96,108,97,101,,,,,104
1985,Cubs,107,101,100,104,119,102,104,,,,,106
1985,Reds,104,100,109,104,103,98,103,,,,,102
1985,Astros,95,101,97,103,81,101,99,,,,,94
1985,Dodgers,96,104,89,77,93,99,94,,,,,97
1985,Brewers,99,100,99,105,96,100,97,,,,,98
1985,Expos,98,97,102,103,93,100,106,,,,,100
1985,Mets,97,99,97,87,99,101,98,,,,,98
1985,Phillies,103,99,107,117,99,102,101,,,,,99
1985,Pirates,101,100,103,101,101,100,100,,,,,101
1985,Cardinals,98,99,103,115,92,96,96,,,,,97
1985,Padres,98,98,93,103,110,104,100,,,,,101
1985,Giants,97,98,98,86,102,100,99,,,,,100
1986,Angels,98,99,92,81,105,100,99,,,,,101
1986,Orioles,98,99,97,75,103,102,102,,,,,101
1986,Red Sox,103,102,112,105,98,101,99,,,,,98
1986,White Sox,103,100,102,122,97,100,106,,,,,100
1986,Indians,101,104,98,95,99,97,99,,,,,100
1986,Tigers,97,97,91,90,105,100,98,,,,,101
1986,Royals,101,100,109,127,89,94,99,,,,,98
1986,Twins,103,100,109,121,103,104,101,,,,,100
1986,Yankees,97,100,94,95,99,100,99,,,,,99
1986,Athletics,94,99,92,84,92,100,101,,,,,97
1986,Mariners,103,98,102,102,115,101,101,,,,,105
1986,Rangers,102,103,99,94,102,100,98,,,,,100
1986,Blue Jays,101,97,105,115,100,101,100,,,,,99
1986,Braves,107,103,105,97,109,97,102,,,,,104
1986,Cubs,107,103,98,107,120,102,103,,,,,106
1986,Reds,104,101,107,102,108,99,102,,,,,103
1986,Astros,95,101,98,101,83,101,99,,,,,94
1986,Dodgers,97,104,90,80,92,98,95,,,,,97
1986,Brewers,101,101,101,106,98,100,98,,,,,99
1986,Expos,99,98,102,109,95,100,104,,,,,100
1986,Mets,96,98,96,90,96,101,97,,,,,97
1986,Phillies,103,99,108,114,100,101,101,,,,,100
1986,Pirates,100,99,103,102,99,100,103,,,,,101
1986,Cardinals,99,99,104,109,90,97,96,,,,,97
1986,Padres,98,97,93,101,109,104,101,,,,,101
1986,Giants,96,98,97,84,101,100,97,,,,,99
1987,Angels,98,98,93,85,106,100,99,,,,,101
1987,Orioles,99,100,98,76,103,102,102,,,,,101
1987,Red Sox,102,102,112,103,96,100,99,,,,,98
1987,White Sox,100,100,98,126,92,99,104,,,,,98
1987,Indians,101,103,98,96,97,98,99,,,,,100
1987,Tigers,98,96,93,91,108,101,99,,,,,102
1987,Royals,100,101,109,129,87,94,98,,,,,97
1987,Twins,104,101,108,110,102,103,102,,,,,100
1987,Yankees,99,101,97,91,101,100,99,,,,,100
1987,Athletics,95,99,92,85,92,101,101,,,,,97
1987,Mariners,103,99,103,104,114,100,100,,,,,105
1987,Rangers,102,103,97,96,105,101,99,,,,,101
1987,Blue Jays,101,97,105,115,100,101,100,,,,,99
1987,Braves,106,104,104,99,108,98,102,,,,,104
1987,Cubs,107,104,97,104,115,102,102,,,,,105
1987,Reds,104,101,109,106,106,98,101,,,,,102
1987,Astros,97,102,99,94,86,101,99,,,,,95
1987,Dodgers,95,102,89,82,91,98,95,,,,,96
1987,Brewers,102,101,102,105,98,101,99,,,,,99
1987,Expos,101,99,104,107,96,101,103,,,,,99
1987,Mets,95,98,94,90,97,101,97,,,,,97
1987,Phillies,103,99,107,117,100,100,102,,,,,101
1987,Pirates,100,99,103,99,100,100,104,,,,,102
1987,Cardinals,99,100,104,114,90,97,97,,,,,97
1987,Padres,98,97,94,100,112,104,102,,,,,102
1987,Giants,95,97,97,87,100,100,97,,,,,99
1988,Angels,98,99,94,88,107,100,98,,,,,102
1988,Orioles,98,99,97,79,105,102,101,,,,,101
1988,Red Sox,103,102,112,98,98,100,100,,,,,99
1988,White Sox,100,101,99,121,90,99,103,,,,,98
1988,Indians,101,103,98,94,99,98,101,,,,,101
1988,Tigers,97,96,93,92,105,102,99,,,,,101
1988,Royals,100,101,109,125,87,95,97,,,,,97
1988,Twins,104,101,108,118,103,103,102,,,,,101
1988,Yankees,100,101,98,89,102,100,100,,,,,100
1988,Athletics,94,99,90,85,92,101,100,,,,,96
1988,Mariners,104,98,105,104,114,100,101,,,,,105
1988,Rangers,101,102,97,102,103,101,99,,,,,100
1988,Blue Jays,101,97,105,115,100,101,100,,,,,99
1988,Braves,105,104,103,97,107,98,101,,,,,104
1988,Cubs,106,105,99,102,111,101,101,,,,,103
1988,Reds,103,100,105,97,110,98,101,,,,,104
1988,Astros,97,101,98,99,86,102,98,,,,,95
1988,Dodgers,96,103,89,86,92,98,96,,,,,97
1988,Brewers,100,100,99,100,98,101,99,,,,,99
1988,Expos,101,99,105,107,97,101,102,,,,,99
1988,Mets,95,97,95,92,97,101,98,,,,,98
1988,Phillies,102,98,107,115,100,101,101,,,,,100
1988,Pirates,99,98,102,98,99,100,103,,,,,101
1988,Cardinals,101,100,104,116,93,97,99,,,,,99
1988,Padres,99,97,95,102,109,104,102,,,,,101
1988,Giants,97,98,99,87,101,100,98,,,,,100
1989,Angels,97,99,93,88,107,100,98,,,,,102
1989,Orioles,98,99,98,81,102,102,100,,,,,100
1989,Red Sox,104,102,112,98,101,100,101,,,,,100
1989,White Sox,100,101,99,121,90,99,103,,,,,98
1989,Indians,101,103,98,96,95,98,100,,,,,99
1989,Tigers,99,96,93,90,109,102,101,,,,,102
1989,Royals,100,100,108,130,86,95,98,,,,,97
1989,Twins,103,101,106,119,100,102,102,,,,,100
1989,Yankees,99,100,98,85,103,99,99,,,,,101
1989,Athletics,94,98,92,88,92,102,98,,,,,96
1989,Mariners,103,99,103,105,111,100,100,,,,,103
1989,Rangers,101,101,97,106,104,101,100,,,,,101
1989,Blue Jays,101,98,103,113,107,99,101,,,,,103
1989,Braves,107,105,103,97,108,98,101,,,,,104
1989,Cubs,105,104,99,102,112,100,99,,,,,103
1989,Reds,104,99,105,95,112,98,103,,,,,105
1989,Astros,96,100,101,104,83,103,99,,,,,94
1989,Dodgers,97,103,90,85,94,99,98,,,,,98
1989,Brewers,101,100,101,96,98,102,100,,,,,99
1989,Expos,100,99,105,104,97,101,100,,,,,99
1989,Mets,97,99,95,96,97,101,98,,,,,98
1989,Phillies,102,99,106,107,101,101,102,,,,,101
1989,Pirates,98,98,101,99,97,100,101,,,,,100
1989,Cardinals,100,99,103,118,91,97,99,,,,,99
1989,Padres,99,97,94,101,108,103,102,,,,,101
1989,Giants,96,98,98,90,100,100,97,,,,,99
1990,Angels,98,100,94,88,105,100,97,,,,,101
1990,Orioles,98,99,98,81,102,102,100,,,,,100
1990,Red Sox,105,103,113,96,103,100,102,,,,,101
1990,White Sox,100,101,99,121,90,99,103,,,,,98
1990,Indians,102,103,99,95,95,99,101,,,,,99
1990,Tigers,100,97,95,96,108,102,103,,,,,103
1990,Royals,100,101,105,127,84,95,96,,,,,96
1990,Twins,104,102,107,120,100,102,102,,,,,100
1990,Yankees,101,101,99,85,104,99,100,,,,,102
1990,Athletics,95,98,92,89,95,101,98,,,,,97
1990,Mariners,102,99,107,104,106,100,100,,,,,102
1990,Rangers,100,100,97,106,103,102,99,,,,,100
1990,Blue Jays,101,98,103,113,107,99,101,,,,,103
1990,Braves,105,104,102,90,107,98,99,,,,,103
1990,Cubs,105,104,98,104,111,101,99,,,,,102
1990,Reds,103,99,103,94,115,99,103,,,,,105
1990,Astros,96,100,102,109,85,103,100,,,,,95
1990,Dodgers,98,103,92,92,94,99,98,,,,,98
1990,Brewers,98,99,97,92,98,101,101,,,,,99
1990,Expos,100,99,106,102,96,101,98,,,,,98
1990,Mets,96,99,95,98,97,101,98,,,,,98
1990,Phillies,101,98,104,105,103,101,102,,,,,101
1990,Pirates,97,98,102,99,94,100,102,,,,,99
1990,Cardinals,101,100,102,121,92,97,101,,,,,100
1990,Padres,101,99,95,94,110,101,102,,,,,103
1990,Giants,97,99,99,92,98,99,97,,,,,99
1991,Angels,100,100,95,90,107,99,97,,,,,102
1991,Orioles,98,99,98,81,102,102,100,,,,,100
1991,Red Sox,105,103,113,97,100,100,102,,,,,100
1991,White Sox,97,100,95,101,98,97,98,,,,,99
1991,Indians,100,102,97,95,95,98,101,,,,,99
1991,Tigers,101,98,96,97,108,101,103,,,,,103
1991,Royals,100,101,107,128,84,96,96,,,,,96
1991,Twins,104,101,108,117,98,102,101,,,,,99
1991,Yankees,100,100,97,84,104,98,100,,,,,102
1991,Athletics,95,98,92,87,97,102,99,,,,,98
1991,Mariners,101,99,108,98,101,102,101,,,,,100
1991,Rangers,99,99,97,107,102,103,99,,,,,99
1991,Blue Jays,101,98,103,113,107,99,101,,,,,103
1991,Braves,104,104,101,88,104,97,99,,,,,102
1991,Cubs,105,102,101,104,110,100,100,,,,,103
1991,Reds,102,98,102,90,111,98,104,,,,,104
1991,Astros,97,100,102,109,87,104,100,,,,,95
1991,Dodgers,97,102,92,87,95,100,99,,,,,98
1991,Brewers,98,99,97,93,94,101,101,,,,,98
1991,Expos,98,98,104,97,96,100,99,,,,,98
1991,Mets,98,100,96,98,98,101,99,,,,,99
1991,Phillies,100,99,103,105,100,102,100,,,,,100
1991,Pirates,98,98,101,100,95,100,101,,,,,99
1991,Cardinals,99,99,101,116,92,97,100,,,,,99
1991,Padres,101,100,95,98,111,102,100,,,,,103
1991,Giants,96,98,99,94,99,99,97,,,,,99
1992,Angels,101,101,96,87,108,100,98,,,,,102
1992,Orioles,101,100,96,92,104,100,100,,,,,101
1992,Red Sox,105,104,111,96,100,101,103,,,,,101
1992,White Sox,97,100,95,101,98,97,98,,,,,99
1992,Indians,100,102,97,95,95,98,101,,,,,99
1992,Tigers,101,99,96,96,107,101,103,,,,,102
1992,Royals,102,102,109,130,87,96,97,,,,,97
1992,Twins,103,101,106,118,99,102,101,,,,,99
1992,Yankees,98,99,96,86,102,98,98,,,,,101
1992,Athletics,94,97,92,90,96,102,100,,,,,98
1992,Mariners,100,98,107,99,99,103,102,,,,,100
1992,Rangers,99,99,97,107,102,103,99,,,,,99
1992,Blue Jays,102,99,102,110,108,100,100,,,,,102
1992,Braves,103,104,100,87,104,97,99,,,,,101
1992,Cubs,103,102,101,103,108,100,100,,,,,103
1992,Reds,102,97,101,90,110,98,104,,,,,104
1992,Astros,96,99,100,108,89,104,99,,,,,95
1992,Dodgers,96,102,91,82,96,100,99,,,,,98
1992,Brewers,99,100,98,95,95,100,102,,,,,99
1992,Expos,98,98,105,100,94,99,99,,,,,98
1992,Mets,99,100,97,100,98,100,99,,,,,99
1992,Phillies,99,99,103,102,98,102,100,,,,,99
1992,Pirates,99,99,102,103,95,100,99,,,,,98
1992,Cardinals,99,99,101,109,95,98,100,,,,,100
1992,Padres,101,99,96,99,110,102,100,,,,,102
1992,Giants,97,98,99,91,100,100,98,,,,,100
1993,Angels,100,100,95,86,105,101,100,,,,,102
1993,Orioles,101,100,96,92,104,100,100,,,,,101
1993,Red Sox,104,104,112,99,97,100,103,,,,,100
1993,White Sox,97,100,95,101,98,97,98,,,,,99
1993,Indians,100,102,97,95,95,98,101,,,,,99
1993,Tigers,102,99,96,97,108,101,103,,,,,103
1993,Royals,102,102,108,128,88,95,98,,,,,98
1993,Twins,102,100,104,114,101,103,101,,,,,100
1993,Yankees,99,99,96,86,103,97,97,,,,,101
1993,Athletics,94,97,92,89,98,102,99,,,,,99
1993,Mariners,101,98,108,97,101,105,102,,,,,100
1993,Rangers,99,99,97,107,102,103,99,,,,,99
1993,Blue Jays,101,98,103,111,107,101,100,,,,,102
1993,Braves,103,102,100,89,106,97,99,,,,,102
1993,Cubs,101,100,100,101,106,100,100,,,,,102
1993,Reds,101,98,103,92,105,98,104,,,,,103
1993,Rockies,114,106,104,163,106,97,103,,,,,104
1993,Marlins,99,101,96,109,97,101,102,,,,,100
1993,Astros,95,98,99,101,89,104,98,,,,,95
1993,Dodgers,95,102,90,79,93,99,98,,,,,97
1993,Brewers,101,102,100,98,94,99,103,,,,,99
1993,Expos,99,99,106,101,92,99,101,,,,,98
1993,Mets,99,101,96,105,99,100,98,,,,,99
1993,Phillies,101,99,104,99,100,102,100,,,,,100
1993,Pirates,100,99,103,102,98,101,100,,,,,99
1993,Cardinals,98,99,101,106,93,98,99,,,,,99
1993,Padres,100,99,95,92,109,101,100,,,,,102
1993,Giants,95,97,97,91,98,100,98,,,,,99
1994,Angels,101,100,97,84,107,102,99,,,,,101
1994,Orioles,101,100,96,92,104,100,100,,,,,101
1994,Red Sox,104,104,112,102,98,100,101,,,,,99
1994,White Sox,96,100,92,99,95,96,98,,,,,99
1994,Indians,101,101,103,95,97,99,101,,,,,99
1994,Tigers,101,98,97,98,107,102,101,,,,,102
1994,Royals,101,102,107,124,90,94,97,,,,,99
1994,Twins,102,99,104,109,102,103,102,,,,,100
1994,Yankees,98,100,96,88,101,97,98,,,,,100
1994,Athletics,96,98,93,92,98,102,99,,,,,99
1994,Mariners,100,97,109,92,101,105,103,,,,,100
1994,Rangers,103,103,100,121,100,98,100,,,,,100
1994,Blue Jays,100,98,103,111,105,102,101,,,,,101
1994,Braves,101,101,99,92,104,97,99,,,,,102
1994,Cubs,100,100,99,103,103,101,101,,,,,101
1994,Reds,100,97,101,93,100,98,103,,,,,101
1994,Rockies,114,106,104,163,106,97,103,,,,,104
1994,Marlins,99,101,96,109,97,101,102,,,,,100
1994,Astros,94,98,99,94,91,105,98,,,,,96
1994,Dodgers,93,100,90,80,90,99,96,,,,,96
1994,Brewers,101,102,99,100,93,98,102,,,,,99
1994,Expos,102,98,107,106,96,98,102,,,,,99
1994,Mets,97,101,95,99,98,100,98,,,,,99
1994,Phillies,100,99,104,103,99,102,100,,,,,99
1994,Pirates,102,100,105,101,99,101,102,,,,,100
1994,Cardinals,99,100,102,100,96,99,99,,,,,99
1994,Padres,99,100,95,95,109,100,100,,,,,102
1994,Giants,97,98,98,89,99,101,99,,,,,100
1995,Angels,101,100,98,82,109,103,99,,,,,102
1995,Orioles,101,101,95,85,105,101,99,,,,,101
1995,Red Sox,103,103,111,103,97,100,101,,,,,99
1995,White Sox,96,100,95,104,94,97,98,,,,,98
1995,Indians,101,101,103,95,97,99,101,,,,,99
1995,Tigers,101,98,95,100,106,101,102,,,,,102
1995,Royals,102,102,105,125,95,94,98,,,,,101
1995,Twins,102,99,104,103,100,103,101,,,,,100
1995,Yankees,97,100,95,91,99,97,96,,,,,99
1995,Athletics,97,100,96,90,98,100,99,,,,,99
1995,Mariners,100,97,107,90,101,105,104,,,,,100
1995,Rangers,103,103,100,121,100,98,100,,,,,100
1995,Blue Jays,100,98,102,112,103,102,100,,,,,101
1995,Braves,101,101,99,92,104,97,99,,,,,102
1995,Cubs,101,101,97,96,106,101,101,,,,,102
1995,Reds,100,98,103,94,99,98,103,,,,,101
1995,Rockies,123,112,111,128,127,96,103,,,,,111
1995,Marlins,99,101,96,109,97,101,102,,,,,100
1995,Astros,94,97,99,99,91,104,95,,,,,95
1995,Dodgers,93,99,89,76,93,98,96,,,,,97
1995,Brewers,103,103,102,105,95,99,103,,,,,100
1995,Expos,101,99,107,107,95,99,103,,,,,99
1995,Mets,97,101,96,99,97,100,98,,,,,99
1995,Phillies,100,99,107,99,99,101,99,,,,,99
1995,Pirates,102,99,104,104,102,101,101,,,,,101
1995,Cardinals,98,99,103,93,95,99,99,,,,,98
1995,Padres,97,98,94,96,105,101,97,,,,,100
1995,Giants,97,98,97,87,99,103,101,,,,,99
1996,Angels,100,99,97,87,106,103,99,,,,,101
1996,Orioles,99,100,94,83,103,100,97,,,,,100
1996,Red Sox,102,103,109,103,97,101,100,,,,,99
1996,White Sox,97,99,96,105,94,96,98,,,,,98
1996,Indians,101,101,103,95,97,99,101,,,,,99
1996,Tigers,101,98,95,98,108,102,103,,,,,103
1996,Royals,102,102,100,124,100,95,99,,,,,102
1996,Twins,101,100,103,105,101,102,101,,,,,100
1996,Yankees,98,100,98,91,98,98,96,,,,,98
1996,Athletics,97,100,96,93,97,99,99,,,,,99
1996,Mariners,100,97,106,90,102,105,105,,,,,101
1996,Rangers,103,103,100,121,100,98,100,,,,,100
1996,Blue Jays,99,98,102,102,100,102,101,,,,,100
1996,Braves,101,101,99,92,104,97,99,,,,,102
1996,Cubs,101,101,97,94,105,100,101,,,,,101
1996,Reds,100,97,104,99,98,98,104,,,,,101
1996,Rockies,123,112,111,128,127,96,103,,,,,111
1996,Marlins,98,100,95,111,96,100,101,,,,,99
1996,Astros,95,97,101,97,92,104,97,,,,,95
1996,Dodgers,92,98,89,75,93,99,95,,,,,97
1996,Brewers,103,103,102,102,96,98,103,,,,,100
1996,Expos,100,100,104,108,94,100,102,,,,,98
1996,Mets,97,100,96,102,96,101,99,,,,,99
1996,Phillies,101,99,107,104,100,101,101,,,,,100
1996,Pirates,102,99,105,105,102,101,101,,,,,100
1996,Cardinals,99,100,103,94,98,100,101,,,,,100
1996,Padres,94,97,93,88,102,102,97,,,,,99
1996,Giants,97,98,96,89,100,103,101,,,,,100
1997,Angels,99,99,98,89,105,102,100,,,,,101
1997,Orioles,98,101,93,84,102,100,98,,,,,100
1997,Red Sox,102,103,109,102,96,101,99,,,,,98
1997,White Sox,97,99,96,105,94,97,99,,,,,98
1997,Indians,101,102,102,96,98,100,101,,,,,99
1997,Tigers,101,97,94,100,109,101,103,,,,,103
1997,Royals,101,102,98,121,101,95,99,,,,,102
1997,Twins,102,100,106,107,101,103,101,,,,,100
1997,Yankees,97,100,98,89,97,98,98,,,,,99
1997,Athletics,98,100,97,92,97,98,98,,,,,99
1997,Mariners,100,97,106,90,102,105,105,,,,,101
1997,Rangers,104,103,100,121,103,98,101,,,,,102
1997,Blue Jays,100,98,105,100,98,101,101,,,,,99
1997,Braves,99,101,98,99,97,99,99,,,,,99
1997,Cubs,103,102,100,96,106,101,102,,,,,102
1997,Reds,100,97,103,98,100,98,104,,,,,101
1997,Rockies,123,112,111,128,127,96,103,,,,,111
1997,Marlins,96,99,95,110,93,101,101,,,,,98
1997,Astros,94,97,102,101,90,105,97,,,,,94
1997,Dodgers,93,99,90,76,94,98,96,,,,,98
1997,Brewers,102,103,101,99,96,96,102,,,,,100
1997,Expos,100,99,104,108,94,100,102,,,,,99
1997,Mets,96,100,96,99,95,101,99,,,,,98
1997,Phillies,102,99,106,105,101,103,102,,,,,100
1997,Pirates,102,98,105,105,102,102,101,,,,,100
1997,Cardinals,99,100,101,90,100,99,101,,,,,101
1997,Padres,94,99,92,90,99,102,96,,,,,98
1997,Giants,96,98,95,90,99,104,100,,,,,99
1998,Angels,100,100,99,87,105,101,99,,,,,101
1998,Orioles,97,100,91,85,101,100,98,,,,,100
1998,Red Sox,102,103,107,105,95,101,99,,,,,98
1998,White Sox,98,99,97,100,98,97,99,,,,,100
1998,Indians,102,102,102,98,100,100,102,,,,,100
1998,Tigers,101,97,94,100,109,101,103,,,,,103
1998,Royals,102,103,98,124,103,96,99,,,,,102
1998,Twins,103,101,107,109,99,102,101,,,,,99
1998,Yankees,98,99,98,87,99,99,99,,,,,99
1998,Athletics,99,100,98,95,98,98,98,,,,,99
1998,Mariners,100,97,106,90,102,105,105,,,,,101
1998,Devil Rays,101,100,103,107,101,101,99,,,,,100
1998,Rangers,104,102,101,117,104,98,101,,,,,102
1998,Blue Jays,100,98,106,98,98,100,100,,,,,99
1998,Diamondbacks,102,102,103,127,101,97,99,,,,,101
1998,Braves,99,101,98,99,97,99,99,,,,,99
1998,Cubs,101,101,98,93,103,101,101,,,,,101
1998,Reds,102,97,104,99,102,99,104,,,,,102
1998,Rockies,124,113,111,122,126,96,104,,,,,111
1998,Marlins,96,98,96,108,93,101,102,,,,,98
1998,Astros,94,97,102,101,90,105,97,,,,,94
1998,Dodgers,93,98,90,78,97,99,96,,,,,98
1998,Brewers,100,102,98,98,95,97,101,,,,,100
1998,Expos,100,99,103,105,98,99,100,,,,,100
1998,Mets,96,99,96,92,94,101,99,,,,,97
1998,Phillies,101,99,108,111,98,104,103,,,,,99
1998,Pirates,101,97,104,108,102,102,100,,,,,99
1998,Cardinals,99,99,99,89,102,100,103,,,,,102
1998,Padres,94,99,92,90,98,103,95,,,,,97
1998,Giants,96,97,95,90,99,104,100,,,,,99
1999,Angels,102,101,100,90,104,100,100,,,,,102
1999,Orioles,97,100,91,84,101,100,98,,,,,100
1999,Red Sox,101,103,106,104,94,101,99,,,,,97
1999,White Sox,100,99,99,100,102,99,100,,,,,101
1999,Indians,102,103,101,93,103,100,101,,,,,101
1999,Tigers,101,97,94,100,109,101,103,,,,,103
1999,Royals,104,104,99,120,104,97,99,,,,,102
1999,Twins,103,101,107,110,97,103,100,,,,,99
1999,Yankees,97,98,98,87,101,99,98,,,,,100
1999,Athletics,98,99,97,91,98,98,99,,,,,100
1999,Mariners,96,98,95,88,96,101,102,,,,,98
1999,Devil Rays,101,100,103,107,101,101,99,,,,,100
1999,Rangers,103,102,102,118,103,97,101,,,,,102
1999,Blue Jays,101,98,106,96,97,99,101,,,,,99
1999,Diamondbacks,102,102,103,127,101,97,99,,,,,101
1999,Braves,99,101,98,99,97,99,99,,,,,99
1999,Cubs,100,101,97,90,102,101,101,,,,,101
1999,Reds,101,98,104,92,103,99,103,,,,,102
1999,Rockies,122,112,109,122,123,96,103,,,,,110
1999,Marlins,96,98,97,111,94,103,102,,,,,98
1999,Astros,94,97,102,101,90,105,97,,,,,94
1999,Dodgers,93,98,92,80,98,99,97,,,,,99
1999,Brewers,100,102,98,98,95,97,101,,,,,100
1999,Expos,100,99,105,97,99,100,99,,,,,100
1999,Mets,96,99,97,95,94,102,99,,,,,97
1999,Phillies,101,98,107,110,98,104,103,,,,,99
1999,Pirates,101,97,104,108,102,102,100,,,,,99
1999,Cardinals,99,99,98,91,102,100,103,,,,,102
1999,Padres,93,97,91,91,96,104,96,,,,,96
1999,Giants,96,97,95,90,99,104,100,,,,,99
2000,Angels,100,101,99,94,100,99,101,,,,,100
2000,Orioles,96,100,91,85,101,99,99,,,,,100
2000,Red Sox,101,103,106,100,94,101,98,,,,,96
2000,White Sox,101,100,98,94,105,98,101,,,,,103
2000,Indians,103,102,102,90,105,101,100,,,,,102
2000,Tigers,97,103,95,125,90,96,99,,,,,97
2000,Royals,106,105,102,116,106,97,100,,,,,103
2000,Twins,102,100,107,116,95,102,102,,,,,98
2000,Yankees,98,98,98,85,101,100,99,,,,,100
2000,Athletics,98,98,97,94,99,99,99,,,,,99
2000,Mariners,96,98,95,88,96,101,102,,,,,98
2000,Devil Rays,101,100,103,107,101,101,99,,,,,100
2000,Rangers,104,102,103,115,105,98,100,,,,,103
2000,Blue Jays,102,98,107,91,99,99,101,,,,,100
2000,Diamondbacks,102,102,103,127,101,97,99,,,,,101
2000,Braves,99,100,99,97,98,98,97,,,,,99
2000,Cubs,98,99,98,88,101,101,101,,,,,100
2000,Reds,102,99,105,87,105,99,103,,,,,103
2000,Rockies,123,111,109,126,126,97,104,,,,,111
2000,Marlins,96,98,99,115,93,103,102,,,,,97
2000,Astros,104,100,100,119,105,100,98,,,,,101
2000,Dodgers,93,98,91,80,99,100,98,,,,,99
2000,Brewers,100,102,98,98,95,97,101,,,,,100
2000,Expos,100,99,105,95,100,100,99,,,,,100
2000,Mets,96,99,95,95,95,102,98,,,,,97
2000,Phillies,100,97,103,109,98,105,103,,,,,98
2000,Pirates,101,97,104,108,102,102,100,,,,,99
2000,Cardinals,99,99,98,91,102,101,103,,,,,102
2000,Padres,93,99,90,94,93,104,97,,,,,96
2000,Giants,96,100,99,119,89,98,97,,,,,95
2001,Angels,99,101,101,89,99,99,100,,,,,100
2001,Orioles,96,101,91,85,101,99,101,,,,,101
2001,Red Sox,102,103,106,102,94,99,99,,,,,97
2001,White Sox,101,99,98,94,108,99,100,,,,,103
2001,Indians,100,101,100,88,103,102,100,,,,,101
2001,Tigers,97,103,95,125,90,96,99,,,,,97
2001,Royals,107,106,104,110,105,95,101,,,,,103
2001,Twins,102,100,107,116,96,102,101,,,,,98
2001,Yankees,98,98,96,86,102,100,99,,,,,100
2001,Athletics,98,98,98,92,100,99,99,,,,,100
2001,Mariners,96,98,95,88,96,101,102,,,,,98
2001,Devil Rays,100,100,103,111,97,102,100,,,,,99
2001,Rangers,105,102,103,112,106,98,100,,,,,103
2001,Blue Jays,102,99,108,92,101,99,101,,,,,101
2001,Diamondbacks,104,101,105,129,101,98,101,,,,,101
2001,Braves,98,100,97,94,98,97,98,,,,,99
2001,Cubs,98,99,97,87,100,103,101,,,,,100
2001,Reds,102,99,105,87,105,99,103,,,,,103
2001,Rockies,120,109,110,132,125,97,103,,,,,110
2001,Marlins,96,99,97,119,91,104,102,,,,,97
2001,Astros,104,100,100,119,105,100,98,,,,,101
2001,Dodgers,94,97,91,80,101,100,98,,,,,99
2001,Brewers,100,97,100,99,104,102,101,,,,,101
2001,Expos,105,99,108,97,105,99,99,,,,,102
2001,Mets,96,99,97,89,95,102,99,,,,,97
2001,Phillies,98,96,102,103,97,106,103,,,,,98
2001,Pirates,100,102,104,94,95,98,99,,,,,99
2001,Cardinals,98,99,98,87,99,100,101,,,,,100
2001,Padres,93,100,92,100,93,102,98,,,,,96
2001,Giants,96,100,99,119,89,98,97,,,,,95
2002,Angels,99,102,99,86,99,99,99,100,100,98,98,100
2002,Orioles,97,100,93,84,102,98,100,100,102,100,102,101
2002,Red Sox,102,103,108,98,95,99,99,101,99,101,99,97
2002,White Sox,103,100,98,95,112,100,101,99,102,99,101,105
2002,Indians,99,100,101,86,98,101,101,101,95,100,99,99
2002,Tigers,97,103,95,125,90,96,99,101,102,102,104,97
2002,Royals,106,105,104,109,102,95,101,103,102,102,99,103
2002,Twins,102,101,104,113,95,103,100,100,99,99,99,98
2002,Yankees,99,99,96,85,103,100,98,98,101,99,101,100
2002,Athletics,98,97,98,90,102,100,100,99,101,100,101,100
2002,Mariners,94,96,94,87,95,102,102,97,101,97,101,98
2002,Devil Rays,99,100,102,109,98,101,100,100,101,100,103,100
2002,Rangers,106,102,104,114,107,98,100,101,100,103,99,103
2002,Blue Jays,103,99,107,97,103,100,102,101,99,100,101,102
2002,Diamondbacks,105,101,106,123,105,99,102,101,100,102,96,103
2002,Braves,99,100,97,93,99,99,99,98,100,102,96,100
2002,Cubs,98,99,96,87,102,102,101,99,100,98,100,100
2002,Reds,102,99,105,87,105,99,103,99,101,103,106,103
2002,Rockies,118,108,110,130,119,97,103,103,100,109,98,108
2002,Marlins,96,98,96,115,94,104,102,97,101,97,105,97
2002,Astros,104,100,100,119,105,100,98,100,100,99,97,101
2002,Dodgers,94,97,91,81,100,101,98,99,98,96,103,99
2002,Brewers,100,97,100,99,104,102,101,98,101,99,105,101
2002,Expos,103,99,107,95,104,99,99,102,98,102,97,102
2002,Mets,96,100,98,86,94,102,99,101,100,98,101,97
2002,Phillies,98,96,102,103,97,106,103,99,97,97,97,98
2002,Pirates,100,102,104,94,95,98,99,101,101,103,100,99
2002,Cardinals,98,99,99,92,96,101,102,99,101,99,101,98
2002,Padres,93,100,92,100,93,102,98,104,95,99,99,96
2002,Giants,96,100,99,119,89,98,97,102,97,100,95,95
2003,Angels,98,101,99,91,97,99,99,100,100,98,98,99
2003,Orioles,97,100,95,85,101,98,102,100,102,100,102,102
2003,Red Sox,102,100,110,95,97,99,100,101,99,101,99,98
2003,White Sox,102,99,98,92,113,100,101,99,102,99,101,105
2003,Indians,98,99,101,80,96,102,101,101,95,100,99,98
2003,Tigers,97,103,93,131,93,97,100,101,102,102,104,99
2003,Royals,105,104,104,105,100,95,101,103,102,102,99,102
2003,Twins,101,100,102,106,95,103,99,100,99,99,99,97
2003,Yankees,99,100,95,88,103,100,97,98,101,99,101,100
2003,Athletics,99,98,100,89,101,99,100,99,101,100,101,101
2003,Mariners,95,98,95,88,96,102,101,97,101,97,101,98
2003,Devil Rays,99,101,100,110,96,102,100,100,101,100,103,99
2003,Rangers,106,102,103,122,107,98,99,101,100,103,99,103
2003,Blue Jays,103,100,106,99,105,100,101,101,99,100,101,102
2003,Diamondbacks,105,100,106,124,106,99,102,101,100,102,96,103
2003,Braves,100,100,98,97,99,99,99,98,100,102,96,99
2003,Cubs,100,98,98,91,104,102,101,99,100,98,100,101
2003,Reds,101,98,100,78,109,100,99,98,102,100,103,103
2003,Rockies,115,108,109,130,114,97,103,103,100,109,98,107
2003,Marlins,96,98,96,114,93,105,103,97,101,97,105,97
2003,Astros,102,101,97,111,104,100,98,100,100,99,97,101
2003,Dodgers,94,97,93,79,101,101,99,99,98,96,103,99
2003,Brewers,100,97,100,99,104,102,101,98,101,99,105,101
2003,Expos,103,99,107,95,104,99,99,102,98,102,97,102
2003,Mets,97,101,98,88,95,101,100,101,100,98,101,98
2003,Phillies,98,96,102,103,97,106,103,99,97,97,97,98
2003,Pirates,100,102,104,94,95,98,99,101,101,103,100,99
2003,Cardinals,98,100,100,90,96,100,100,99,101,99,101,98
2003,Padres,93,100,92,100,93,102,98,104,95,99,99,96
2003,Giants,97,101,99,124,89,98,98,102,97,100,95,96
2004,Angels,97,101,98,92,94,100,99,100,100,98,98,98
2004,Orioles,98,101,95,83,103,97,101,100,102,100,102,103
2004,Red Sox,102,100,111,94,94,99,100,101,99,101,99,97
2004,White Sox,102,99,97,91,113,100,101,99,102,99,101,105
2004,Indians,97,98,101,82,93,101,101,101,95,100,99,97
2004,Tigers,97,103,93,123,94,98,99,101,102,102,104,99
2004,Royals,105,103,105,104,99,95,102,103,102,102,99,102
2004,Twins,100,100,101,109,95,103,98,100,99,99,99,97
2004,Yankees,98,100,95,87,101,100,96,98,101,99,101,99
2004,Athletics,99,99,101,91,100,98,99,99,101,100,101,100
2004,Mariners,96,97,95,93,96,103,103,97,101,97,101,98
2004,Devil Rays,99,100,98,109,98,102,102,100,101,100,103,100
2004,Rangers,107,101,104,114,108,99,100,101,100,103,99,103
2004,Blue Jays,103,99,105,104,107,101,100,101,99,100,101,102
2004,Diamondbacks,106,101,106,127,106,99,104,101,100,102,96,103
2004,Braves,99,100,99,97,98,100,99,98,100,102,96,99
2004,Cubs,101,98,100,99,107,102,100,99,100,98,100,102
2004,Reds,101,98,100,78,109,100,99,98,102,100,103,103
2004,Rockies,112,108,107,126,112,97,102,103,100,109,98,106
2004,Marlins,96,98,96,113,93,104,104,97,101,97,105,97
2004,Astros,101,101,97,109,105,99,98,100,100,99,97,101
2004,Dodgers,96,98,94,77,104,101,99,99,98,96,103,100
2004,Brewers,100,96,101,104,103,102,102,98,101,99,105,101
2004,Expos,103,99,107,95,104,99,99,102,98,102,97,102
2004,Mets,97,101,99,87,95,100,100,101,100,98,101,98
2004,Phillies,102,100,99,97,109,99,98,101,98,103,98,103
2004,Pirates,100,103,105,97,95,98,99,101,101,103,100,99
2004,Cardinals,98,100,100,90,96,100,100,99,101,99,101,98
2004,Padres,92,97,91,107,90,103,99,98,99,96,98,96
2004,Giants,99,101,100,118,90,98,98,102,97,100,95,96
2005,Angels,98,102,100,90,95,100,99,100,101,98,97,98
2005,Orioles,99,101,97,89,103,97,101,101,102,100,103,103
2005,Red Sox,104,101,113,97,95,98,100,101,99,102,99,98
2005,White Sox,103,99,98,89,113,100,101,100,102,99,103,105
2005,Indians,98,99,100,84,94,101,102,101,95,100,96,97
2005,Tigers,98,102,95,120,97,98,100,101,101,102,104,100
2005,Royals,103,102,106,104,95,96,102,101,101,103,98,100
2005,Twins,99,100,99,104,95,103,97,99,99,99,98,97
2005,Yankees,99,101,95,85,102,100,97,99,101,99,99,100
2005,Athletics,97,98,99,94,97,96,99,100,101,100,102,100
2005,Mariners,96,97,96,87,98,104,102,97,101,96,103,99
2005,Devil Rays,98,99,97,106,99,101,101,100,101,99,103,100
2005,Rangers,105,101,103,118,105,100,99,101,100,103,100,102
2005,Blue Jays,102,98,104,107,108,102,99,100,99,100,99,102
2005,Diamondbacks,105,100,105,128,108,98,102,101,101,102,97,103
2005,Braves,99,100,96,96,98,101,101,98,99,102,97,99
2005,Cubs,103,100,103,102,106,102,101,100,101,99,100,102
2005,Reds,101,98,100,78,109,100,99,98,102,100,103,103
2005,Rockies,110,107,107,124,109,96,102,103,100,109,99,105
2005,Marlins,97,99,97,113,95,105,104,98,101,97,104,98
2005,Astros,100,99,96,115,105,101,98,100,100,98,99,101
2005,Dodgers,98,99,96,78,104,102,100,99,99,96,101,100
2005,Brewers,101,96,100,98,104,102,103,98,101,98,106,101
2005,Nationals,96,98,98,102,91,100,97,98,102,97,107,97
2005,Mets,98,101,100,88,94,100,100,101,100,99,102,98
2005,Phillies,102,100,99,97,109,99,98,101,98,103,98,103
2005,Pirates,99,102,105,95,94,98,98,101,100,104,97,98
2005,Cardinals,98,100,100,90,96,100,100,99,101,99,101,98
2005,Padres,92,97,91,107,90,103,99,98,99,96,98,96
2005,Giants,100,103,101,114,92,98,98,103,97,101,94,97
2006,Angels,99,102,100,90,97,99,98,101,102,98,96,99
2006,Orioles,101,102,97,89,106,97,100,101,102,100,101,103
2006,Red Sox,103,100,116,94,94,99,100,101,99,101,98,98
2006,White Sox,104,100,97,85,114,100,102,100,101,100,102,105
2006,Indians,99,100,100,85,94,100,104,101,96,101,100,98
2006,Tigers,100,102,96,119,99,98,99,101,101,102,104,100
2006,Royals,100,101,105,103,92,97,101,101,100,101,95,99
2006,Twins,98,99,98,100,95,102,96,99,99,100,96,97
2006,Yankees,100,100,97,88,103,101,98,99,102,99,99,100
2006,Athletics,98,98,99,93,97,97,100,100,102,100,103,100
2006,Mariners,96,98,98,86,97,105,102,98,101,96,104,98
2006,Devil Rays,98,99,95,108,99,100,101,99,100,98,104,100
2006,Rangers,104,101,102,124,105,100,100,100,100,103,100,102
2006,Blue Jays,101,98,102,117,106,103,100,100,98,101,100,101
2006,Diamondbacks,105,101,105,126,107,98,101,102,101,101,96,103
2006,Braves,100,101,98,98,99,101,101,99,100,102,99,99
2006,Cubs,104,100,103,99,108,101,99,100,100,99,98,102
2006,Reds,102,98,100,85,109,100,99,99,102,98,102,103
2006,Rockies,109,107,106,117,108,96,101,103,99,110,100,104
2006,Marlins,98,98,99,111,96,105,104,97,100,98,103,98
2006,Astros,99,99,98,106,105,101,99,100,100,99,98,101
2006,Dodgers,98,99,96,79,101,102,100,99,99,97,99,99
2006,Brewers,100,97,99,100,101,103,104,98,100,98,105,100
2006,Nationals,96,98,98,102,91,100,97,98,102,97,107,97
2006,Mets,97,99,98,87,96,100,100,101,100,96,102,99
2006,Phillies,102,100,99,97,109,99,98,101,98,103,98,103
2006,Pirates,98,102,105,96,93,98,98,101,100,106,97,98
2006,Cardinals,97,101,97,95,92,98,101,100,100,101,105,98
2006,Padres,92,97,91,107,90,103,99,98,99,96,98,96
2006,Giants,101,101,102,115,93,98,99,103,97,101,96,98
2007,Angels,100,101,101,91,98,98,98,100,102,98,96,99
2007,Orioles,100,103,97,91,107,98,100,102,102,100,99,103
2007,Red Sox,103,99,116,99,94,98,99,101,99,101,100,97
2007,White Sox,103,99,97,85,112,101,103,99,100,100,101,105
2007,Indians,98,100,99,82,94,100,102,101,97,101,102,98
2007,Tigers,101,101,98,114,100,98,100,100,102,100,105,101
2007,Royals,102,102,108,104,93,96,102,102,100,102,95,99
2007,Twins,98,99,99,104,96,101,96,99,99,100,97,97
2007,Yankees,100,100,97,88,103,101,98,99,102,99,99,100
2007,Athletics,97,98,98,96,95,97,99,100,101,100,103,99
2007,Mariners,97,100,97,89,96,104,102,99,101,96,104,98
2007,Devil Rays,99,99,96,111,98,101,100,99,100,99,105,99
2007,Rangers,103,101,102,122,106,100,100,100,100,102,97,102
2007,Blue Jays,100,97,102,116,105,103,99,100,98,100,98,101
2007,Diamondbacks,106,101,106,128,105,97,101,102,100,101,97,103
2007,Braves,99,101,98,101,97,101,102,99,100,104,99,99
2007,Cubs,104,100,103,99,105,101,99,100,100,99,98,101
2007,Reds,104,99,102,90,111,101,101,99,102,99,99,104
2007,Rockies,108,106,106,118,107,96,100,104,98,109,96,104
2007,Marlins,99,99,100,106,97,105,104,98,100,99,102,99
2007,Astros,99,100,98,102,105,102,99,100,100,100,99,101
2007,Dodgers,97,99,98,79,100,102,99,99,99,97,98,99
2007,Brewers,99,96,99,99,101,103,103,98,100,97,104,100
2007,Nationals,96,98,98,102,91,100,97,98,102,97,107,97
2007,Mets,97,99,98,87,96,100,100,101,100,96,102,99
2007,Phillies,103,101,100,94,107,99,98,101,98,103,98,102
2007,Pirates,99,103,104,95,94,98,98,101,100,106,98,99
2007,Cardinals,97,101,97,95,92,98,101,100,100,101,105,98
2007,Padres,91,97,90,101,90,104,100,98,99,97,100,96
2007,Giants,100,101,101,110,94,98,98,102,98,100,97,98
2008,Angels,99,102,99,86,97,99,98,99,102,101,95,99
2008,Orioles,102,104,98,91,110,98,98,102,101,101,97,104
2008,Red Sox,104,100,115,96,94,98,99,101,100,102,100,97
2008,White Sox,104,99,99,84,113,101,104,99,101,99,102,105
2008,Indians,99,100,100,89,94,101,102,101,97,102,100,98
2008,Tigers,101,101,98,108,100,97,99,101,102,99,107,101
2008,Royals,102,103,107,112,94,97,101,102,100,102,92,99
2008,Twins,98,99,99,104,96,101,96,99,99,100,97,97
2008,Yankees,100,100,97,88,103,101,98,99,102,99,99,100
2008,Athletics,97,98,97,100,93,98,99,99,101,98,102,98
2008,Mariners,96,99,97,90,94,103,102,98,100,95,105,98
2008,Rays,97,98,96,112,99,100,100,98,100,99,107,99
2008,Rangers,103,101,102,114,105,100,101,100,99,103,100,102
2008,Blue Jays,100,96,100,116,106,103,99,100,99,100,97,101
2008,Diamondbacks,105,101,106,132,105,98,100,102,99,101,97,102
2008,Braves,98,101,96,98,98,102,101,99,99,104,98,99
2008,Cubs,105,101,103,100,106,101,100,100,101,99,97,102
2008,Reds,103,99,100,94,110,101,101,99,102,97,101,103
2008,Rockies,108,105,107,120,110,96,99,103,99,108,95,104
2008,Marlins,101,100,102,104,97,106,105,98,100,100,103,99
2008,Astros,98,99,99,106,104,102,99,100,100,99,99,101
2008,Dodgers,98,100,98,78,100,102,99,99,100,98,102,99
2008,Brewers,99,97,100,96,102,103,103,98,102,97,106,100
2008,Nationals,100,101,101,99,100,97,97,102,100,102,99,101
2008,Mets,97,99,98,87,96,100,100,101,100,96,102,99
2008,Phillies,101,100,99,91,106,100,99,101,97,101,98,101
2008,Pirates,99,102,104,94,94,97,98,102,100,105,98,99
2008,Cardinals,97,101,97,95,92,98,101,100,100,101,105,98
2008,Padres,92,96,89,100,91,104,102,98,99,96,99,97
2008,Giants,100,101,102,108,94,98,98,102,97,102,96,98
2009,Angels,99,101,98,85,97,99,98,100,101,100,96,99
2009,Orioles,102,103,100,93,109,99,99,102,101,100,97,104
2009,Red Sox,105,101,115,98,95,98,99,101,101,102,101,98
2009,White Sox,103,98,98,84,112,102,105,98,102,99,102,104
2009,Indians,99,101,100,87,96,101,101,101,98,103,100,99
2009,Tigers,102,101,99,114,102,97,98,100,102,98,103,101
2009,Royals,101,102,105,114,92,97,100,103,100,101,93,99
2009,Twins,98,99,99,104,96,101,96,99,99,100,97,97
2009,Yankees,103,100,97,85,110,100,101,100,100,98,100,104
2009,Athletics,97,98,96,100,93,99,100,99,100,100,101,98
2009,Mariners,96,99,96,87,96,104,102,98,100,96,105,98
2009,Rays,95,98,95,105,97,100,99,98,100,98,110,98
2009,Rangers,105,102,102,124,109,99,100,100,100,104,100,103
2009,Blue Jays,100,97,103,115,105,103,100,99,99,101,97,101
2009,Diamondbacks,105,101,107,130,103,98,99,101,100,101,97,102
2009,Braves,99,101,96,98,98,102,102,99,100,103,96,100
2009,Cubs,104,102,101,99,104,101,101,100,101,99,97,101
2009,Reds,102,99,99,97,110,101,100,99,102,97,103,103
2009,Rockies,110,104,109,120,112,96,99,102,100,107,95,105
2009,Marlins,101,100,102,102,97,106,105,99,99,99,104,98
2009,Astros,98,99,100,103,104,103,100,100,101,98,100,101
2009,Dodgers,97,100,97,78,98,101,98,100,100,97,104,98
2009,Brewers,99,98,100,96,103,102,103,99,101,99,102,101
2009,Nationals,100,101,101,99,100,97,97,102,100,102,99,101
2009,Mets,97,99,97,109,93,101,101,99,102,97,108,98
2009,Phillies,101,100,99,93,104,100,99,100,99,102,100,101
2009,Pirates,99,101,102,92,94,96,97,102,99,104,96,99
2009,Cardinals,97,101,96,93,91,98,100,100,100,101,102,97
2009,Padres,91,96,90,103,90,103,102,99,98,97,97,96
2009,Giants,98,101,102,108,93,99,97,102,96,103,98,97
2010,Angels,96,100,96,87,96,99,96,99,100,100,96,98
2010,Orioles,103,102,101,89,110,99,99,101,100,100,97,104
2010,Red Sox,105,101,116,100,97,99,100,101,100,103,103,99
2010,White Sox,105,98,99,89,113,102,107,98,102,99,101,105
2010,Indians,97,100,101,83,94,101,100,101,98,103,102,98
2010,Tigers,102,102,99,113,101,97,97,101,103,96,104,101
2010,Royals,101,103,103,115,93,97,100,103,100,100,92,99
2010,Twins,101,102,102,110,94,98,100,101,99,103,101,99
2010,Yankees,103,100,97,85,110,100,101,100,100,98,100,104
2010,Athletics,97,98,96,98,94,99,100,98,101,101,103,98
2010,Mariners,94,99,94,88,92,103,102,98,99,98,104,97
2010,Rays,95,98,95,107,95,100,99,97,100,99,110,97
2010,Rangers,107,102,104,118,110,99,101,100,101,103,99,104
2010,Blue Jays,101,98,103,117,104,102,99,100,100,100,98,101
2010,Diamondbacks,106,101,108,121,104,99,98,101,99,100,96,101
2010,Braves,100,101,99,99,97,102,102,100,100,103,95,99
2010,Cubs,103,101,100,99,102,100,101,100,101,98,100,101
2010,Reds,102,99,97,100,111,101,100,99,101,98,102,103
2010,Rockies,113,106,108,123,114,96,100,104,99,108,94,106
2010,Marlins,101,100,102,102,97,106,105,99,99,99,104,98
2010,Astros,99,99,100,100,104,102,101,100,100,98,99,101
2010,Dodgers,95,99,96,77,98,101,97,99,100,97,105,98
2010,Brewers,100,98,100,104,106,103,102,98,102,99,101,102
2010,Nationals,100,101,101,99,100,97,97,102,100,102,99,101
2010,Mets,97,99,97,109,93,101,101,99,102,97,108,98
2010,Phillies,100,99,100,92,102,101,100,99,99,101,100,100
2010,Pirates,97,100,101,93,92,95,97,102,100,102,97,98
2010,Cardinals,97,100,97,92,92,99,100,100,99,101,100,98
2010,Padres,92,97,93,105,89,103,103,100,98,97,97,97
2010,Giants,96,99,100,102,91,99,98,101,96,100,99,97
2011,Angels,96,100,95,88,95,100,97,99,100,99,97,98
2011,Orioles,103,102,100,90,110,99,100,101,100,100,98,104
2011,Red Sox,104,101,113,102,97,99,98,101,100,104,102,98
2011,White Sox,104,98,98,87,112,102,107,97,102,98,102,105
2011,Indians,96,99,101,83,97,101,98,101,98,101,97,98
2011,Tigers,102,101,100,117,99,96,99,101,104,97,105,100
2011,Royals,102,103,102,121,94,97,100,103,101,100,94,99
2011,Twins,101,102,102,110,94,98,100,101,99,103,101,99
2011,Yankees,103,100,97,85,110,100,101,100,100,98,100,104
2011,Athletics,97,98,97,106,92,99,101,99,101,100,105,98
2011,Mariners,94,99,94,88,92,103,102,98,99,98,104,97
2011,Rays,95,98,96,110,96,101,99,98,101,98,112,98
2011,Rangers,106,102,103,106,107,98,102,100,101,103,97,103
2011,Blue Jays,102,97,105,104,107,102,99,99,101,100,98,102
2011,Diamondbacks,104,100,106,121,103,99,98,100,99,99,98,101
2011,Braves,99,100,99,98,97,102,100,99,99,103,96,98
2011,Cubs,104,102,101,102,102,100,102,100,101,100,100,101
2011,Reds,101,99,98,98,112,102,100,99,100,99,102,103
2011,Rockies,115,107,109,125,113,96,101,105,99,108,94,107
2011,Marlins,101,100,102,102,97,106,105,99,99,99,104,98
2011,Astros,99,99,99,104,104,103,101,100,101,99,100,101
2011,Dodgers,95,100,97,78,99,100,97,100,100,98,107,99
2011,Brewers,101,98,101,102,110,102,102,98,103,100,100,103
2011,Nationals,100,102,101,95,99,97,96,101,101,101,100,100
2011,Mets,97,99,97,109,93,101,101,99,102,97,108,98
2011,Phillies,101,98,101,94,105,101,101,99,100,98,98,101
2011,Pirates,97,101,100,92,90,95,96,102,99,100,98,98
2011,Cardinals,97,100,97,90,92,99,100,100,99,101,100,97
2011,Padres,92,97,93,105,89,103,103,100,98,97,97,97
2011,Giants,94,99,99,102,89,99,99,101,96,100,97,96
2012,Angels,95,100,96,88,92,101,97,100,99,99,97,96
2012,Orioles,102,101,100,86,107,99,101,101,100,99,100,104
2012,Red Sox,104,102,114,100,95,100,101,102,98,105,102,98
2012,White Sox,104,99,99,90,111,102,107,97,102,98,104,104
2012,Indians,97,99,101,83,101,101,98,101,98,100,95,100
2012,Tigers,102,102,98,123,100,95,99,101,103,98,103,101
2012,Royals,101,101,101,118,95,97,99,102,101,101,95,99
2012,Twins,101,102,102,110,94,98,100,101,99,103,101,99
2012,Yankees,103,100,98,85,111,100,100,99,101,98,100,104
2012,Athletics,97,99,99,107,92,99,101,99,101,101,107,98
2012,Mariners,94,99,94,88,92,103,102,98,99,98,104,97
2012,Rays,95,98,95,103,95,101,100,98,101,99,110,98
2012,Rangers,106,102,100,110,106,98,101,100,101,102,98,103
2012,Blue Jays,103,99,107,106,109,102,99,99,102,102,100,102
2012,Diamondbacks,104,99,104,122,104,100,98,100,100,99,96,101
2012,Braves,99,100,99,94,99,103,100,98,99,102,96,98
2012,Cubs,102,101,101,103,101,102,102,100,100,100,98,100
2012,Reds,101,99,97,98,113,103,100,99,100,98,102,103
2012,Rockies,117,108,109,126,116,95,100,106,100,109,95,108
2012,Marlins,98,99,100,109,89,99,100,100,100,99,96,97
2012,Astros,100,98,100,107,105,103,101,100,100,98,100,101
2012,Dodgers,96,99,98,75,102,100,98,100,100,98,108,100
2012,Brewers,103,100,100,97,111,101,103,98,101,103,98,104
2012,Nationals,100,104,102,87,97,98,97,101,100,103,97,99
2012,Mets,95,96,95,85,102,102,101,97,101,98,108,100
2012,Phillies,100,98,100,94,107,102,101,99,101,97,102,102
2012,Pirates,97,101,101,93,88,95,96,102,99,100,99,97
2012,Cardinals,98,99,99,95,93,98,100,100,100,101,100,99
2012,Padres,92,97,93,105,89,103,103,100,98,97,97,97
2012,Giants,93,99,98,108,87,100,100,101,95,98,95,95
2013,Angels,95,100,96,91,93,102,97,100,99,97,97,97
2013,Orioles,103,101,99,86,108,99,100,100,101,101,99,104
2013,Red Sox,105,103,114,105,96,100,100,101,97,105,102,98
2013,White Sox,102,99,97,91,108,103,107,98,102,99,104,103
2013,Indians,100,100,103,81,101,101,99,101,97,101,95,100
2013,Tigers,101,101,98,126,98,95,99,101,103,98,102,100
2013,Royals,101,101,103,114,93,96,99,102,101,101,96,99
2013,Twins,101,102,101,106,98,98,99,101,99,103,101,100
2013,Yankees,101,100,97,84,110,101,101,99,102,99,102,103
2013,Athletics,97,99,100,105,93,97,101,99,102,100,108,98
2013,Mariners,96,98,96,85,99,103,99,97,102,97,107,98
2013,Rays,96,99,95,98,96,102,100,98,101,98,108,98
2013,Rangers,106,103,101,110,105,98,102,101,101,103,96,103
2013,Blue Jays,102,97,108,105,106,102,99,99,101,101,99,101
2013,Diamondbacks,104,99,105,120,102,100,99,100,99,99,96,100
2013,Braves,99,100,99,93,96,103,101,99,100,101,97,97
2013,Cubs,100,99,99,102,102,101,102,100,100,99,99,101
2013,Reds,102,99,98,92,113,103,101,99,100,99,101,103
2013,Rockies,117,110,108,128,113,95,102,106,99,109,94,108
2013,Marlins,98,99,100,109,89,99,100,100,100,99,96,97
2013,Astros,100,99,100,108,105,103,101,100,99,98,100,101
2013,Dodgers,96,98,98,78,102,100,96,99,100,97,106,99
2013,Brewers,104,99,100,102,112,101,102,99,101,102,96,104
2013,Nationals,100,104,102,84,97,97,98,100,101,101,99,99
2013,Mets,95,96,95,85,102,102,101,97,101,98,108,100
2013,Phillies,100,98,99,92,107,103,102,99,101,97,104,102
2013,Pirates,96,101,99,89,90,96,96,102,98,101,97,97
2013,Cardinals,98,100,99,95,94,98,99,100,101,100,101,99
2013,Padres,95,98,96,96,96,101,100,100,98,99,97,98
2013,Giants,92,99,97,115,84,100,100,101,95,98,96,94
2014,Angels,95,99,96,91,95,102,97,100,100,97,98,97
2014,Orioles,102,101,97,87,107,98,99,100,100,101,99,103
2014,Red Sox,105,102,115,108,98,99,100,102,98,104,102,99
2014,White Sox,101,99,97,94,107,102,104,99,101,100,102,103
2014,Indians,102,101,106,80,102,101,100,101,98,101,93,101
2014,Tigers,101,100,97,125,100,96,100,100,103,98,104,101
2014,Royals,103,101,105,115,94,97,99,101,102,101,95,99
2014,Twins,102,102,102,107,99,97,98,102,100,102,100,101
2014,Yankees,101,99,96,81,111,101,101,98,102,98,102,104
2014,Athletics,96,99,99,107,92,97,99,99,103,99,109,98
2014,Mariners,96,98,96,85,99,103,99,97,102,97,107,98
2014,Rays,97,99,95,101,95,102,100,98,101,99,106,97
2014,Rangers,104,103,99,108,101,98,102,100,101,103,97,101
2014,Blue Jays,102,97,108,100,105,101,100,100,100,100,99,101
2014,Diamondbacks,105,100,105,125,104,100,100,101,99,100,93,101
2014,Braves,99,100,98,96,94,103,102,98,100,101,99,97
2014,Cubs,99,99,100,100,100,101,102,100,100,100,100,100
2014,Reds,101,99,98,91,111,104,102,98,100,99,101,103
2014,Rockies,118,110,110,131,113,95,102,107,98,109,90,108
2014,Marlins,98,99,100,109,89,99,100,100,100,99,96,97
2014,Astros,98,98,98,110,102,104,100,101,97,99,101,99
2014,Dodgers,95,97,98,76,101,101,94,99,100,97,102,98
2014,Brewers,103,98,100,101,113,102,101,98,101,100,97,104
2014,Nationals,100,103,101,85,97,99,100,100,102,101,100,99
2014,Mets,95,96,95,85,102,102,101,97,101,98,108,100
2014,Phillies,99,97,98,93,108,103,101,99,100,96,107,102
2014,Pirates,96,101,99,97,90,96,97,102,98,103,98,97
2014,Cardinals,98,101,101,94,96,98,98,101,102,101,104,99
2014,Padres,95,98,96,96,96,101,100,100,98,99,97,98
2014,Giants,95,100,98,118,85,99,102,101,96,97,95,95
2015,Angels,97,100,96,88,98,102,97,101,100,98,100,98
2015,Orioles,101,101,96,87,106,98,100,101,102,100,100,103
2015,Red Sox,104,103,112,103,95,99,99,102,97,103,101,98
2015,White Sox,99,98,95,93,105,102,103,98,101,98,105,102
2015,Indians,102,101,106,83,102,100,100,101,97,101,92,100
2015,Tigers,102,101,99,123,101,96,100,100,104,101,105,102
2015,Royals,102,101,105,114,92,97,99,100,101,101,95,98
2015,Twins,102,103,103,104,101,98,99,102,101,102,100,101
2015,Yankees,101,99,95,83,112,101,100,98,102,98,102,104
2015,Athletics,98,99,102,113,94,98,99,100,102,100,105,98
2015,Mariners,96,98,96,85,99,103,99,97,102,97,107,98
2015,Rays,97,99,94,100,96,103,100,98,100,100,104,98
2015,Rangers,105,103,100,109,101,98,104,100,100,103,98,102
2015,Blue Jays,101,97,108,97,103,100,99,99,99,100,98,101
2015,Diamondbacks,105,100,106,127,104,100,100,101,100,101,93,101
2015,Braves,99,100,98,96,94,103,102,98,100,101,99,97
2015,Cubs,100,100,100,103,101,101,102,100,99,101,97,100
2015,Reds,101,98,100,91,108,104,102,98,100,98,102,102
2015,Rockies,116,109,109,132,110,95,102,107,99,107,90,107
2015,Marlins,97,99,98,108,90,99,101,101,99,97,95,97
2015,Astros,97,98,96,109,102,103,99,100,98,98,100,99
2015,Dodgers,96,97,99,77,100,100,94,99,100,96,102,98
2015,Brewers,102,99,101,96,108,101,101,99,100,101,97,103
2015,Nationals,101,104,102,81,97,99,100,100,102,101,98,99
2015,Mets,95,95,96,86,99,102,101,97,101,98,110,100
2015,Phillies,100,98,97,95,111,104,101,99,101,97,108,103
2015,Pirates,98,102,99,96,92,97,99,102,98,104,99,98
2015,Cardinals,97,100,99,96,95,97,98,100,101,101,103,99
2015,Padres,95,98,96,96,96,101,100,100,98,99,97,98
2015,Giants,96,100,99,122,86,100,101,101,97,98,98,95
2016,Angels,97,99,95,84,100,102,98,100,100,98,100,99
2016,Orioles,100,102,96,87,105,98,100,101,103,99,101,103
2016,Red Sox,105,103,114,104,96,99,99,102,98,103,101,99
2016,White Sox,99,99,95,96,103,103,101,99,102,98,102,100
2016,Indians,104,102,106,85,102,100,101,102,97,102,92,101
2016,Tigers,100,100,98,120,100,96,99,100,104,101,105,101
2016,Royals,101,101,106,113,92,97,99,101,100,102,95,98
2016,Twins,102,102,103,103,102,98,100,102,100,101,101,102
2016,Yankees,101,100,95,83,112,101,101,98,102,100,105,104
2016,Athletics,98,99,102,108,93,98,99,100,100,100,101,98
2016,Mariners,95,97,94,87,100,103,99,97,102,96,104,98
2016,Rays,97,99,94,97,96,103,100,97,99,99,105,97
2016,Rangers,108,104,102,120,104,98,103,101,101,104,100,104
2016,Blue Jays,100,98,105,102,102,100,99,100,99,98,97,100
2016,Diamondbacks,105,100,106,127,104,100,100,101,100,101,93,101
2016,Braves,99,100,98,96,94,103,102,98,100,101,99,97
2016,Cubs,100,99,99,105,100,100,102,100,99,100,97,100
2016,Reds,102,98,100,95,108,104,103,98,100,99,102,103
2016,Rockies,116,109,112,135,111,96,102,106,99,105,89,107
2016,Marlins,95,99,96,103,90,99,100,101,99,98,95,97
2016,Astros,96,97,96,105,101,102,98,100,97,97,100,99
2016,Dodgers,96,96,100,75,101,100,94,99,100,96,104,98
2016,Brewers,101,98,100,94,107,102,100,99,100,100,97,102
2016,Nationals,102,103,103,83,100,100,101,99,103,100,97,100
2016,Mets,94,95,94,86,97,101,100,97,100,97,109,98
2016,Phillies,99,98,96,94,109,105,100,99,101,97,109,102
2016,Pirates,98,102,101,95,93,97,100,102,98,103,99,99
2016,Cardinals,98,101,100,96,95,97,98,101,101,102,102,99
2016,Padres,97,99,99,95,96,100,102,101,98,102,98,99
2016,Giants,97,101,99,120,86,99,100,101,96,99,98,95
2017,Angels,98,99,96,87,102,102,99,100,100,100,99,100
2017,Orioles,102,101,97,91,108,98,99,101,105,99,103,104
2017,Red Sox,105,102,113,106,97,99,99,101,100,101,100,99
2017,White Sox,98,98,94,90,105,102,101,99,102,97,100,101
2017,Indians,104,101,106,86,102,100,101,101,96,102,93,100
2017,Tigers,101,101,100,122,100,97,99,100,104,104,108,101
2017,Royals,102,101,107,115,92,96,99,102,101,102,96,98
2017,Twins,101,102,103,101,100,99,100,102,99,101,99,101
2017,Yankees,100,99,93,84,106,100,100,98,101,99,105,102
2017,Athletics,97,98,102,105,93,99,99,100,100,100,103,98
2017,Mariners,96,98,94,87,99,104,100,97,102,97,103,98
2017,Rays,96,98,94,102,96,103,99,97,99,98,103,97
2017,Rangers,109,105,105,116,105,97,104,102,101,104,102,104
2017,Blue Jays,100,98,103,98,103,99,99,100,100,97,97,101
2017,Diamondbacks,105,100,106,127,104,100,100,101,100,101,93,101
2017,Braves,102,101,102,93,98,100,99,100,98,102,98,99
2017,Cubs,100,99,98,108,99,99,102,100,99,100,99,100
2017,Reds,102,99,101,90,107,104,103,97,101,101,103,102
2017,Rockies,115,108,113,136,110,97,103,106,99,104,86,106
2017,Marlins,95,100,96,101,90,100,101,100,98,100,96,97
2017,Astros,97,98,95,100,101,102,98,100,97,98,99,99
2017,Dodgers,96,98,99,75,101,100,93,98,100,97,104,98
2017,Brewers,101,97,100,97,105,102,100,98,100,98,98,101
2017,Nationals,102,102,103,89,105,100,100,99,103,99,99,102
2017,Mets,94,95,93,85,98,102,99,97,101,95,108,98
2017,Phillies,100,98,96,95,109,103,100,99,102,97,108,102
2017,Pirates,98,100,103,97,95,98,102,102,99,101,96,100
2017,Cardinals,96,101,97,93,94,97,97,101,99,103,102,98
2017,Padres,97,99,99,93,97,100,102,101,98,102,98,99
2017,Giants,96,102,98,117,86,100,99,101,97,100,102,94
2018,Angels,99,99,97,88,104,101,99,100,100,100,98,101
2018,Orioles,100,100,96,90,106,98,100,101,104,97,104,104
2018,Red Sox,104,102,115,108,97,99,100,102,100,101,101,99
2018,White Sox,99,98,93,88,105,101,100,99,102,96,102,101
2018,Indians,103,100,104,87,102,100,100,101,95,101,93,100
2018,Tigers,102,101,100,129,101,97,98,100,104,105,107,102
2018,Royals,102,103,106,113,92,97,100,102,102,103,97,98
2018,Twins,101,101,104,105,99,100,101,101,100,101,99,100
2018,Yankees,100,100,93,86,107,100,100,98,100,100,102,102
2018,Athletics,96,98,102,102,93,100,99,100,99,102,102,97
2018,Mariners,96,98,94,84,100,104,100,97,102,95,102,99
2018,Rays,96,98,95,105,95,103,100,98,98,98,102,96
2018,Rangers,109,105,105,116,105,97,104,102,101,104,102,104
2018,Blue Jays,101,98,103,98,103,99,99,100,100,97,97,101
2018,Diamondbacks,101,103,103,124,95,100,100,101,99,104,97,98
2018,Braves,102,101,102,93,98,100,99,100,98,102,98,99
2018,Cubs,99,100,100,111,96,99,101,100,99,101,95,99
2018,Reds,102,98,100,94,110,104,102,97,101,100,103,103
2018,Rockies,114,108,113,137,110,97,101,106,98,103,86,105
2018,Marlins,95,99,96,98,90,100,99,100,97,99,97,97
2018,Astros,96,98,93,95,100,102,98,100,97,99,102,98
2018,Dodgers,95,98,98,73,102,100,94,98,100,98,104,99
2018,Brewers,100,97,99,94,103,102,100,98,99,97,100,100
2018,Nationals,102,102,103,91,104,100,100,100,102,99,99,102
2018,Mets,95,95,92,83,98,103,99,96,102,95,107,98
2018,Phillies,100,98,96,100,110,103,100,98,102,98,107,103
2018,Pirates,99,101,106,97,94,98,102,102,100,100,96,100
2018,Cardinals,96,101,96,91,94,97,98,101,99,103,104,98
2018,Padres,97,98,99,91,96,100,102,101,98,101,99,99
2018,Giants,97,102,101,114,88,100,100,101,98,100,102,95
2019,Angels,101,100,97,90,105,101,100,100,100,101,98,102
2019,Orioles,102,101,97,90,111,98,101,102,104,98,103,106
2019,Red Sox,105,102,114,104,97,99,100,102,99,102,99,99
2019,White Sox,99,98,93,85,108,101,101,98,103,95,104,103
2019,Indians,100,100,101,91,101,100,99,102,95,100,93,99
2019,Tigers,100,102,101,131,97,97,99,100,104,104,108,100
2019,Royals,102,103,107,111,92,96,99,102,100,105,97,98
2019,Twins,100,100,104,102,99,100,102,100,101,100,100,100
2019,Yankees,99,100,92,86,105,100,101,98,101,98,104,102
2019,Athletics,96,98,102,100,94,100,100,99,99,103,102,98
2019,Mariners,96,98,93,84,98,103,99,98,101,94,101,98
2019,Rays,95,97,95,101,93,102,100,97,98,96,100,96
2019,Rangers,109,105,105,116,105,97,104,102,101,104,102,104
2019,Blue Jays,99,98,103,98,103,99,99,100,100,97,97,101
2019,Diamondbacks,101,103,103,124,95,100,100,101,99,104,97,98
2019,Braves,102,101,102,93,98,100,99,100,98,102,98,99
2019,Cubs,101,100,99,113,100,99,100,100,99,102,95,100
2019,Reds,105,99,102,94,112,104,103,98,100,101,104,104
2019,Rockies,113,107,112,144,109,96,100,106,99,103,90,105
2019,Marlins,95,101,95,107,91,100,100,101,98,101,98,97
2019,Astros,98,98,94,97,101,101,99,100,97,100,101,99
2019,Dodgers,97,98,98,75,106,100,94,98,101,97,104,100
2019,Brewers,101,98,98,96,103,102,102,97,101,98,104,100
2019,Nationals,101,102,104,90,104,99,99,99,102,99,99,101
2019,Mets,93,96,92,84,96,102,98,96,102,94,105,97
2019,Phillies,101,99,97,102,108,103,100,99,102,98,106,103
2019,Pirates,99,101,107,94,94,98,103,102,101,99,96,100
2019,Cardinals,95,101,96,94,93,97,97,101,99,103,102,97
2019,Padres,96,98,98,90,96,101,103,100,96,101,98,99
2019,Giants,96,101,101,112,89,100,99,101,97,100,101,95
2020,Angels,102,100,97,90,105,101,100,100,100,101,98,103
2020,Orioles,102,101,97,90,111,98,101,102,104,98,103,106
2020,Red Sox,106,102,114,104,97,99,100,102,99,102,99,100
2020,White Sox,101,98,93,85,108,101,101,98,103,95,104,104
2020,Indians,100,100,101,91,101,100,99,102,95,100,93,100
2020,Tigers,99,102,101,131,97,97,99,100,104,104,108,99
2020,Royals,103,103,107,111,92,96,99,102,100,105,97,99
2020,Twins,99,100,104,102,99,100,102,100,101,100,100,99
2020,Yankees,99,100,92,86,105,100,101,98,101,98,104,101
2020,Athletics,95,98,102,100,94,100,100,99,99,103,102,97
2020,Mariners,95,98,93,84,98,103,99,98,101,94,101,97
2020,Rays,95,97,95,101,93,102,100,97,98,96,100,96
2020,Rangers,100,101,99,94,97,100,101,100,102,102,99,101
2020,Blue Jays,104,102,104,108,100,101,99,102,100,103,99,99
2020,Diamondbacks,101,103,103,124,95,100,100,101,99,104,97,98
2020,Braves,102,101,102,93,98,100,99,100,98,102,98,99
2020,Cubs,99,100,99,113,100,99,100,100,99,102,95,99
2020,Reds,106,99,102,94,112,104,103,98,100,101,104,105
2020,Rockies,114,107,112,144,109,96,100,106,99,103,90,106
2020,Marlins,97,101,95,107,91,100,100,101,98,101,98,98
2020,Astros,99,98,94,97,101,101,99,100,97,100,101,99
2020,Dodgers,98,98,98,75,106,100,94,98,101,97,104,100
2020,Brewers,100,98,98,96,103,102,102,97,101,98,104,100
2020,Nationals,101,102,104,90,104,99,99,99,102,99,99,102
2020,Mets,93,96,92,84,96,102,98,96,102,94,105,97
2020,Phillies,101,99,97,102,108,103,100,99,102,98,106,102
2020,Pirates,100,101,107,94,94,98,103,102,101,99,96,101
2020,Cardinals,96,101,96,94,93,97,97,101,99,103,102,97
2020,Padres,95,98,98,90,96,101,103,100,96,101,98,100
2020,Giants,98,101,101,112,89,100,99,101,97,100,101,96
2021,Angels,102,100,97,90,105,101,100,100,100,101,98,103
2021,Orioles,102,101,97,90,111,98,101,102,104,98,103,106
2021,Red Sox,106,102,114,104,97,99,100,102,99,102,99,100
2021,White Sox,101,98,93,85,108,101,101,98,103,95,104,104
2021,Indians,100,100,101,91,101,100,99,102,95,100,93,100
2021,Tigers,99,102,101,131,97,97,99,100,104,104,108,99
2021,Royals,103,103,107,111,92,96,99,102,100,105,97,99
2021,Twins,99,100,104,102,99,100,102,100,101,100,100,99
2021,Yankees,99,100,92,86,105,100,101,98,101,98,104,101
2021,Athletics,95,98,102,100,94,100,100,99,99,103,102,97
2021,Mariners,95,98,93,84,98,103,99,98,101,94,101,97
2021,Rays,95,97,95,101,93,102,100,97,98,96,100,96
2021,Rangers,100,101,99,94,97,100,101,100,102,102,99,101
2021,Blue Jays,104,102,104,108,100,101,99,102,100,103,99,99
2021,Diamondbacks,101,103,103,124,95,100,100,101,99,104,97,98
2021,Braves,102,101,102,93,98,100,99,100,98,102,98,99
2021,Cubs,99,100,99,113,100,99,100,100,99,102,95,99
2021,Reds,106,99,102,94,112,104,103,98,100,101,104,105
2021,Rockies,114,107,112,144,109,96,100,106,99,103,90,106
2021,Marlins,97,101,95,107,91,100,100,101,98,101,98,98
2021,Astros,99,98,94,97,101,101,99,100,97,100,101,99
2021,Dodgers,98,98,98,75,106,100,94,98,101,97,104,100
2021,Brewers,100,98,98,96,103,102,102,97,101,98,104,100
2021,Nationals,101,102,104,90,104,99,99,99,102,99,99,102
2021,Mets,93,96,92,84,96,102,98,96,102,94,105,97
2021,Phillies,101,99,97,102,108,103,100,99,102,98,106,102
2021,Pirates,100,101,107,94,94,98,103,102,101,99,96,101
2021,Cardinals,96,101,96,94,93,97,97,101,99,103,102,97
2021,Padres,95,98,98,90,96,101,103,100,96,101,98,100
2021,Giants,98,101,101,112,89,100,99,101,97,100,101,96
2022,Angels,102,100,97,90,105,101,100,100,100,101,98,103
2022,Orioles,100,101,97,90,111,98,101,102,104,98,103,99
2022,Red Sox,106,102,114,104,97,99,100,102,99,102,99,100
2022,White Sox,101,98,93,85,108,101,101,98,103,95,104,104
2022,Guardians,100,100,101,91,101,100,99,102,95,100,93,100
2022,Tigers,99,102,101,131,97,97,99,100,104,104,108,99
2022,Royals,103,103,107,111,92,96,99,102,100,105,97,99
2022,Twins,99,100,104,102,99,100,102,100,101,100,100,99
2022,Yankees,99,100,92,86,105,100,101,98,101,98,104,101
2022,Athletics,95,98,102,100,94,100,100,99,99,103,102,97
2022,Mariners,95,98,93,84,98,103,99,98,101,94,101,97
2022,Rays,95,97,95,101,93,102,100,97,98,96,100,96
2022,Rangers,100,101,99,94,97,100,101,100,102,102,99,101
2022,Blue Jays,99,102,104,108,100,101,99,102,100,103,99,102
2022,Diamondbacks,101,103,103,124,95,100,100,101,99,104,97,98
2022,Braves,102,101,102,93,98,100,99,100,98,102,98,99
2022,Cubs,99,100,99,113,100,99,100,100,99,102,95,99
2022,Reds,106,99,102,94,112,104,103,98,100,101,104,105
2022,Rockies,114,107,112,144,109,96,100,106,99,103,90,106
2022,Marlins,97,101,95,107,91,100,100,101,98,101,98,98
2022,Astros,99,98,94,97,101,101,99,100,97,100,101,99
2022,Dodgers,98,98,98,75,106,100,94,98,101,97,104,100
2022,Brewers,100,98,98,96,103,102,102,97,101,98,104,100
2022,Nationals,101,102,104,90,104,99,99,99,102,99,99,102
2022,Mets,93,96,92,84,96,102,98,96,102,94,105,97
2022,Phillies,101,99,97,102,108,103,100,99,102,98,106,102
2022,Pirates,100,101,107,94,94,98,103,102,101,99,96,101
2022,Cardinals,96,101,96,94,93,97,97,101,99,103,102,97
2022,Padres,95,98,98,90,96,101,103,100,96,101,98,100
2022,Giants,98,101,101,112,89,100,99,101,97,100,101,96
